candidate_id,candidate_name,research_version,research_date,artifact_class_initial,artifact_class_final,mechanism_family,economic_mechanism,market,timeframe,directionality,event_definition_summary,state_definition_summary,counterfactual_definition_summary,sample_n,frequency_per_year,net_mean_bps,net_median_bps,counterfactual_n,counterfactual_net_mean_bps,counterfactual_net_median_bps,conditional_delta_mean_bps,conditional_delta_median_bps,gate_result,counterfactual_validity,economic_verdict,scientific_verdict,final_classification,final_status,closure_reason,state_library_classification,standalone_alpha_status,relational_admissibility,exploratory_only,threshold_ratified,protected_forward_status,source_artifact,source_commit,provenance_confidence,notes
CAND-010,Event-State Duplication Failure,Pre-V5,2026-08-25,UNKNOWN,UNKNOWN,Methodology,Event persistence not independent opportunity,UNKNOWN,M1,UNKNOWN,Repeated event occurrence counted as independent opportunities,UNKNOWN,UNKNOWN,UNKNOWN,UNKNOWN,UNKNOWN,UNKNOWN,UNKNOWN,UNKNOWN,UNKNOWN,UNKNOWN,UNKNOWN,UNKNOWN,UNKNOWN,UNKNOWN,CLOSED,UNKNOWN,G1 invalidity / methodology lesson,UNKNOWN,UNKNOWN,UNKNOWN,UNKNOWN,UNKNOWN,,UNKNOWN,UNKNOWN,UNKNOWN,UNKNOWN,UNKNOWN,RESEARCH_TIMELINE.md,,RECONCILED,Led to Opportunity Integrity correction
CAND-G0-001,Invalid G1 Candidate 1,G1-Invalid,2026-08-25,UNKNOWN,UNKNOWN,Unknown,MFE/proxy errors in G1,UNKNOWN,M1,UNKNOWN,G1 invalid due to MFE instead of deterministic exit,UNKNOWN,UNKNOWN,UNKNOWN,UNKNOWN,UNKNOWN,UNKNOWN,UNKNOWN,UNKNOWN,UNKNOWN,UNKNOWN,UNKNOWN,UNKNOWN,UNKNOWN,UNKNOWN,UNKNOWN,CLOSED,INVALID,G1 INVALID — non-adjudicable,UNKNOWN,UNKNOWN,UNKNOWN,UNKNOWN,UNKNOWN,,UNKNOWN,UNKNOWN,UNKNOWN,UNKNOWN,UNKNOWN,DISC-027,,RECONCILED,Execution invalid not mechanism invalid
CAND-G0-002,Invalid G1 Candidate 2,G1-Invalid,2026-08-25,UNKNOWN,UNKNOWN,Unknown,MFE/proxy errors in G1,UNKNOWN,M1,UNKNOWN,G1 invalid due to MFE instead of deterministic exit,UNKNOWN,UNKNOWN,UNKNOWN,UNKNOWN,UNKNOWN,UNKNOWN,UNKNOWN,UNKNOWN,UNKNOWN,UNKNOWN,UNKNOWN,UNKNOWN,UNKNOWN,UNKNOWN,UNKNOWN,CLOSED,INVALID,G1 INVALID — non-adjudicable,UNKNOWN,UNKNOWN,UNKNOWN,UNKNOWN,UNKNOWN,,UNKNOWN,UNKNOWN,UNKNOWN,UNKNOWN,UNKNOWN,DISC-027,,RECONCILED,Execution invalid not mechanism invalid
CAND-G0-003,Invalid G1 Candidate 3,G1-Invalid,2026-08-25,UNKNOWN,UNKNOWN,Unknown,MFE/proxy errors in G1,UNKNOWN,M1,UNKNOWN,G1 invalid due to MFE instead of deterministic exit,UNKNOWN,UNKNOWN,UNKNOWN,UNKNOWN,UNKNOWN,UNKNOWN,UNKNOWN,UNKNOWN,UNKNOWN,UNKNOWN,UNKNOWN,UNKNOWN,UNKNOWN,UNKNOWN,UNKNOWN,CLOSED,INVALID,G1 INVALID — non-adjudicable,UNKNOWN,UNKNOWN,UNKNOWN,UNKNOWN,UNKNOWN,,UNKNOWN,UNKNOWN,UNKNOWN,UNKNOWN,UNKNOWN,DISC-027,,RECONCILED,Execution invalid not mechanism invalid
CAND-G0-004,Invalid G1 Candidate 4,G1-Invalid,2026-08-25,UNKNOWN,UNKNOWN,Unknown,MFE/proxy errors in G1,UNKNOWN,M1,UNKNOWN,G1 invalid due to MFE instead of deterministic exit,UNKNOWN,UNKNOWN,UNKNOWN,UNKNOWN,UNKNOWN,UNKNOWN,UNKNOWN,UNKNOWN,UNKNOWN,UNKNOWN,UNKNOWN,UNKNOWN,UNKNOWN,UNKNOWN,UNKNOWN,CLOSED,INVALID,G1 INVALID — non-adjudicable,UNKNOWN,UNKNOWN,UNKNOWN,UNKNOWN,UNKNOWN,,UNKNOWN,UNKNOWN,UNKNOWN,UNKNOWN,UNKNOWN,DISC-027,,RECONCILED,Execution invalid not mechanism invalid
CAND-012,Trend-Pullback Re-Acceleration,V5,2026-08-25,ALPHA_EVENT,ALPHA_EVENT,Event Sequence,Trend-pullback re-acceleration after 20-EMA touch,UNKNOWN,M1,CONDITIONAL,Trend-pullback re-acceleration after 20-EMA touch,Conditional post-event behavior,Unconditional post-event behavior,UNKNOWN,UNKNOWN,UNKNOWN,UNKNOWN,UNKNOWN,UNKNOWN,UNKNOWN,UNKNOWN,UNKNOWN,UNKNOWN,UNKNOWN,UNKNOWN,ECONOMICALLY_NEGATIVE,NOT_TESTED,CLOSED,INSUFFICIENT,Negative expectancy across states,UNKNOWN,NEGATIVE,NOT_ADMISSIBLE,UNKNOWN,UNKNOWN,UNKNOWN,RESEARCH_TIMELINE.md,,RECONCILED,V5 G1 economic insufficiency
CAND-013,Macro-Shock Volatility Reset Continuation,V5,2026-08-25,ALPHA_EVENT,ALPHA_EVENT,Volatility,Volatility reset continuation after macro shock,UNKNOWN,M1,CONDITIONAL,Macro-shock volatility reset continuation,Conditional post-event behavior,Unconditional post-event behavior,67,UNKNOWN,UNKNOWN,UNKNOWN,UNKNOWN,UNKNOWN,UNKNOWN,UNKNOWN,UNKNOWN,UNKNOWN,UNKNOWN,UNKNOWN,ECONOMICALLY_NEGATIVE,NOT_TESTED,CLOSED,INSUFFICIENT,Negative expectancy in NY session,UNKNOWN,NEGATIVE,NOT_ADMISSIBLE,UNKNOWN,UNKNOWN,UNKNOWN,RESEARCH_TIMELINE.md,,RECONCILED,Rare event 67 in 5 years
CAND-015,Nasdaq-Crypto Information Absorption Lag,V6,2026-08-25,ALPHA_EVENT,ALPHA_EVENT,Cross-Market,Nasdaq-crypto information absorption lag,USATECHIDXUSD,M1,DIRECTIONAL,Nasdaq-Crypto information absorption lag,UNKNOWN,UNKNOWN,UNKNOWN,UNKNOWN,UNKNOWN,UNKNOWN,UNKNOWN,UNKNOWN,UNKNOWN,UNKNOWN,UNKNOWN,UNKNOWN,UNKNOWN,UNKNOWN,UNKNOWN,ACTIVE_PROTECTED,ACTIVE/PROTECTED/EXTERNAL — G5 validated G6 harness validated,UNKNOWN,UNKNOWN,POSITIVE,ADMISSIBLE,UNKNOWN,UNKNOWN,UNKNOWN,ACTIVE_PROTECTED,DISC-027,,AUTHORITATIVE,Scientifically supported + economically viable + G5 replay validated
CAND-018,Trend-Filtered Entry,V7,2026-08-26,ALPHA_EVENT,ALPHA_EVENT,Structural,Trend filter on entry timing,UNKNOWN,M1,UNKNOWN,Trend-filtered entry,UNKNOWN,UNKNOWN,UNKNOWN,UNKNOWN,UNKNOWN,UNKNOWN,UNKNOWN,UNKNOWN,UNKNOWN,UNKNOWN,UNKNOWN,UNKNOWN,UNKNOWN,UNKNOWN,UNKNOWN,CLOSED,RETURN_TO_G0 — structurally negative expectancy due to left tail; original invalidated for leakage,UNKNOWN,UNKNOWN,NEGATIVE,NOT_ADMISSIBLE,UNKNOWN,UNKNOWN,UNKNOWN,UNKNOWN,RESEARCH_TIMELINE.md,,RECONCILED,Original G1 invalidated for future-data leakage; corrected G1 still negative
CAND-019,Fixed Income Benchmark Entry,V7,2026-08-26,ALPHA_EVENT,ALPHA_EVENT,Cross-Market,Fixed Income benchmark condition,UNKNOWN,M1,UNKNOWN,Fixed Income benchmark condition,UNKNOWN,UNKNOWN,UNKNOWN,UNKNOWN,UNKNOWN,UNKNOWN,UNKNOWN,UNKNOWN,UNKNOWN,UNKNOWN,UNKNOWN,UNKNOWN,UNKNOWN,UNKNOWN,UNKNOWN,CLOSED,BLOCKED,Missing local data for Fixed Income benchmark,UNKNOWN,UNKNOWN,UNKNOWN,NOT_ADMISSIBLE,UNKNOWN,UNKNOWN,UNKNOWN,UNKNOWN,RESEARCH_TIMELINE.md,,RECONCILED,Data availability blocker
CAND-020,V7 Killed Candidate,V7,2026-08-26,ALPHA_EVENT,ALPHA_EVENT,Unknown,V7 killed candidate,UNKNOWN,M1,UNKNOWN,V7 killed candidate,UNKNOWN,UNKNOWN,UNKNOWN,UNKNOWN,UNKNOWN,UNKNOWN,UNKNOWN,UNKNOWN,UNKNOWN,UNKNOWN,UNKNOWN,UNKNOWN,UNKNOWN,UNKNOWN,UNKNOWN,CLOSED,INSUFFICIENT,Killed at G1,UNKNOWN,UNKNOWN,UNKNOWN,NOT_ADMISSIBLE,UNKNOWN,UNKNOWN,UNKNOWN,UNKNOWN,RESEARCH_TIMELINE.md,,RECONCILED,Insufficient at G1
CAND-021,D1 Volatility State Filter,V8,2026-08-26,ALPHA_EVENT,ALPHA_EVENT,Volatility,Pre-entry D1 volatility state filtering,UNKNOWN,M1,CONDITIONAL,D1 volatility state condition,UNKNOWN,FAVORABLE vs ADVERE states,UNKNOWN,UNKNOWN,UNKNOWN,UNKNOWN,UNKNOWN,UNKNOWN,UNKNOWN,UNKNOWN,UNKNOWN,UNKNOWN,UNKNOWN,UNKNOWN,CLOSED,CONTRADICTED — G3 permutation p=0.90,CONTRADICTED,CLOSED,UNKNOWN,UNKNOWN,NOT_ADMISSIBLE,UNKNOWN,UNKNOWN,UNKNOWN,UNKNOWN,DISC-034,,AUTHORITATIVE,G2 reproduced but G3 contradicted via permutation test
CAND-022,GBPUSD Spread Entry,V8,2026-08-26,ALPHA_EVENT,ALPHA_EVENT,Market Microstructure,GBPUSD spread condition,GBPUSD,M1,UNKNOWN,GBPUSD spread condition,UNKNOWN,UNKNOWN,UNKNOWN,UNKNOWN,UNKNOWN,UNKNOWN,UNKNOWN,UNKNOWN,UNKNOWN,UNKNOWN,UNKNOWN,UNKNOWN,UNKNOWN,UNKNOWN,UNKNOWN,CLOSED,BLOCKED,Missing GBPUSD M1 data,UNKNOWN,UNKNOWN,UNKNOWN,NOT_ADMISSIBLE,UNKNOWN,UNKNOWN,UNKNOWN,UNKNOWN,RESEARCH_TIMELINE.md,,RECONCILED,Data availability blocker
CAND-023,V8 Killed Candidate,V8,2026-08-26,ALPHA_EVENT,ALPHA_EVENT,Unknown,V8 killed candidate,UNKNOWN,M1,UNKNOWN,V8 killed candidate,UNKNOWN,UNKNOWN,UNKNOWN,UNKNOWN,UNKNOWN,UNKNOWN,UNKNOWN,UNKNOWN,UNKNOWN,UNKNOWN,UNKNOWN,UNKNOWN,UNKNOWN,UNKNOWN,UNKNOWN,CLOSED,INSUFFICIENT,Killed at G1,UNKNOWN,UNKNOWN,UNKNOWN,NOT_ADMISSIBLE,UNKNOWN,UNKNOWN,UNKNOWN,UNKNOWN,RESEARCH_TIMELINE.md,,RECONCILED,Insufficient at G1
CAND-024,Friday De-Risking Conditioned by Morning Exhaustion,V8,2026-08-26,ALPHA_EVENT,RARE_EVENT_ALPHA,Event Sequence,Friday de-risking conditioned by morning exhaustion,USATECHIDXUSD,M1,BEARISH,Friday de-risking conditioned by morning exhaustion,UNKNOWN,Generic Friday afternoon without exhaustion filter,UNKNOWN,4.55,UNKNOWN,UNKNOWN,UNKNOWN,UNKNOWN,UNKNOWN,UNKNOWN,UNKNOWN,UNKNOWN,UNKNOWN,UNKNOWN,ACTIVE_PROTECTED,COMPONENT-CANDIDATE / EVENT OPPORTUNIST — standalone closed; rare-event qualification active,UNKNOWN,UNKNOWN,POSITIVE,PROTECTED,UNKNOWN,UNKNOWN,UNKNOWN,ACTIVE_PROTECTED,RESEARCH_TIMELINE.md,,AUTHORITATIVE,Canonical: CAND-024:CANONICAL:925495a8; standalone closed but component retained
CAND-025,Macro Shock Liquidity Void Reversal,V9,2026-08-26,ALPHA_EVENT,COMPONENT_CANDIDATE,Market Microstructure,Macro shock liquidity void reversal,UNKNOWN,M1,DIRECTIONAL,Macro shock liquidity void reversal,UNKNOWN,Generic reversal without void condition,UNKNOWN,UNKNOWN,+1.25,UNKNOWN,UNKNOWN,UNKNOWN,UNKNOWN,UNKNOWN,UNKNOWN,UNKNOWN,UNKNOWN,UNKNOWN,CLOSED,HOLD — massive left tail (~50pt SD) makes thin +1.25 mean too fragile,UNKNOWN,CLOSED,UNKNOWN,UNKNOWN,NOT_ADMISSIBLE,UNKNOWN,UNKNOWN,UNKNOWN,UNKNOWN,RESEARCH_TIMELINE.md,,RECONCILED,Observable but too volatile for piloting
CAND-026,US Open Initial Balance Trap,V9,2026-08-26,ALPHA_EVENT,ALPHA_EVENT,Event Sequence,US open initial balance trap,UNKNOWN,M1,UNKNOWN,US open initial balance trap,UNKNOWN,UNKNOWN,UNKNOWN,UNKNOWN,UNKNOWN,UNKNOWN,UNKNOWN,UNKNOWN,UNKNOWN,UNKNOWN,UNKNOWN,UNKNOWN,UNKNOWN,UNKNOWN,UNKNOWN,CLOSED,INSUFFICIENT,Killed at G1,UNKNOWN,UNKNOWN,UNKNOWN,NOT_ADMISSIBLE,UNKNOWN,UNKNOWN,UNKNOWN,UNKNOWN,RESEARCH_TIMELINE.md,,RECONCILED,Insufficient at G1
CAND-027,Intraday Trend Inventory Unwind,V9,2026-08-26,ALPHA_EVENT,ALPHA_EVENT,Event Sequence,Intraday trend inventory unwind,UNKNOWN,M1,UNKNOWN,Intraday trend inventory unwind,UNKNOWN,UNKNOWN,UNKNOWN,UNKNOWN,UNKNOWN,UNKNOWN,UNKNOWN,UNKNOWN,UNKNOWN,UNKNOWN,UNKNOWN,UNKNOWN,UNKNOWN,UNKNOWN,UNKNOWN,CLOSED,INSUFFICIENT,Killed at G1,UNKNOWN,UNKNOWN,UNKNOWN,NOT_ADMISSIBLE,UNKNOWN,UNKNOWN,UNKNOWN,UNKNOWN,RESEARCH_TIMELINE.md,,RECONCILED,Insufficient at G1
CAND-028,Liquidity Component,V10,2026-08-26,COMPONENT_CANDIDATE,COMPONENT_CANDIDATE,Market Microstructure,Liquidity component artifact,UNKNOWN,M1,UNKNOWN,Liquidity component artifact,UNKNOWN,UNKNOWN,UNKNOWN,UNKNOWN,UNKNOWN,UNKNOWN,UNKNOWN,UNKNOWN,UNKNOWN,UNKNOWN,UNKNOWN,UNKNOWN,UNKNOWN,UNKNOWN,UNKNOWN,CLOSED,BLOCKED,True volume unavailable,UNKNOWN,UNKNOWN,UNKNOWN,NOT_ADMISSIBLE,UNKNOWN,UNKNOWN,UNKNOWN,UNKNOWN,RESEARCH_TIMELINE.md,,RECONCILED,Data quality blocker
CAND-029,Dispersion Component,V10,2026-08-26,COMPONENT_CANDIDATE,COMPONENT_CANDIDATE,Cross-Market,Dispersion component artifact,UNKNOWN,M1,UNKNOWN,Dispersion component artifact,UNKNOWN,UNKNOWN,UNKNOWN,UNKNOWN,UNKNOWN,UNKNOWN,UNKNOWN,UNKNOWN,UNKNOWN,UNKNOWN,UNKNOWN,UNKNOWN,UNKNOWN,UNKNOWN,UNKNOWN,CLOSED,BLOCKED,Missing USDJPY/TLT data,UNKNOWN,UNKNOWN,UNKNOWN,NOT_ADMISSIBLE,UNKNOWN,UNKNOWN,UNKNOWN,UNKNOWN,RESEARCH_TIMELINE.md,,RECONCILED,Data availability blocker
CAND-030,EURUSD Asian Value Area Rejection,V10,2026-08-26,ALPHA_EVENT,ALPHA_EVENT,Market Microstructure,EURUSD Asian value area rejection,EURUSD,M1,UNKNOWN,EURUSD Asian value area rejection,UNKNOWN,Generic value area without rejection condition,374,UNKNOWN,UNKNOWN,UNKNOWN,UNKNOWN,UNKNOWN,UNKNOWN,UNKNOWN,UNKNOWN,UNKNOWN,UNKNOWN,UNKNOWN,ECONOMICALLY_NEGATIVE,NOT_TESTED,CLOSED,INSUFFICIENT,Severe left tail: +7.18 median gross but -1.25 mean expectancy,UNKNOWN,NEGATIVE,NOT_ADMISSIBLE,UNKNOWN,UNKNOWN,UNKNOWN,DISC-041,,RECONCILED,High win rate but negative mean expectancy
CAND-031,VIX Volatility Component,V10,2026-08-26,COMPONENT_CANDIDATE,COMPONENT_CANDIDATE,Volatility,VIX volatility component artifact,UNKNOWN,M1,UNKNOWN,VIX volatility component artifact,UNKNOWN,UNKNOWN,UNKNOWN,UNKNOWN,UNKNOWN,UNKNOWN,UNKNOWN,UNKNOWN,UNKNOWN,UNKNOWN,UNKNOWN,UNKNOWN,UNKNOWN,UNKNOWN,UNKNOWN,CLOSED,BLOCKED,Missing VIX data,UNKNOWN,UNKNOWN,UNKNOWN,NOT_ADMISSIBLE,UNKNOWN,UNKNOWN,UNKNOWN,UNKNOWN,RESEARCH_TIMELINE.md,,RECONCILED,Data availability blocker
CAND-032,NY Open Structural Momentum Ignition,V11,2026-08-26,ALPHA_EVENT,ALPHA_EVENT,Structural,NY open structural momentum ignition,USATECHIDXUSD,M1,BULLISH,NY open structural momentum ignition,UNKNOWN,Generic momentum without structural filter,257,UNKNOWN,+12.02,UNKNOWN,UNKNOWN,UNKNOWN,UNKNOWN,UNKNOWN,UNKNOWN,UNKNOWN,UNKNOWN,UNKNOWN,CLOSED,G3 INCONCLUSIVE — permutation p=0.1133; massive left-tail variance (-1134 worst),INCONCLUSIVE,CLOSED,UNKNOWN,UNKNOWN,NOT_ADMISSIBLE,UNKNOWN,UNKNOWN,UNKNOWN,UNKNOWN,DISC-048,,AUTHORITATIVE,Strong G1/G2 economics but G3 scientific standard not met
CAND-033,WMR Pre-Fixing Flow Acceleration,V11,2026-08-26,ALPHA_EVENT,ALPHA_EVENT,Event Sequence,WMR pre-fixing flow acceleration,EURUSD,M1,UNKNOWN,WMR pre-fixing flow acceleration,UNKNOWN,UNKNOWN,UNKNOWN,UNKNOWN,UNKNOWN,UNKNOWN,UNKNOWN,UNKNOWN,UNKNOWN,UNKNOWN,UNKNOWN,UNKNOWN,UNKNOWN,UNKNOWN,UNKNOWN,CLOSED,INSUFFICIENT,Captured flow but insufficient to beat friction,UNKNOWN,NEGATIVE,NOT_ADMISSIBLE,UNKNOWN,UNKNOWN,UNKNOWN,DISC-044,,RECONCILED,Observable but insufficient magnitude
CAND-034,Metals Macro Confirmation Ignition,V11,2026-08-26,ALPHA_EVENT,ALPHA_EVENT,Cross-Market,Metals macro confirmation ignition,XAUUSD/XAGUSD,M1,UNKNOWN,Metals macro confirmation ignition,UNKNOWN,UNKNOWN,UNKNOWN,UNKNOWN,UNKNOWN,UNKNOWN,UNKNOWN,UNKNOWN,UNKNOWN,UNKNOWN,UNKNOWN,UNKNOWN,UNKNOWN,UNKNOWN,UNKNOWN,CLOSED,INSUFFICIENT,Severe unhedged left tail (positive median negative mean),UNKNOWN,NEGATIVE,NOT_ADMISSIBLE,UNKNOWN,UNKNOWN,UNKNOWN,DISC-044,,RECONCILED,Left tail dominates
CAND-035,Month-End Imbalance Acceleration,V12,2026-08-26,ALPHA_EVENT,RARE_EVENT_ALPHA,Event Sequence,Month-end imbalance acceleration,USATECHIDXUSD,M1,CONDITIONAL,Month-end imbalance acceleration,UNKNOWN,Generic month-end without imbalance filter,UNKNOWN,4.09,+62.36,UNKNOWN,UNKNOWN,UNKNOWN,UNKNOWN,UNKNOWN,UNKNOWN,UNKNOWN,UNKNOWN,UNKNOWN,ACTIVE_PROTECTED,COMPONENT-CANDIDATE (Event Opportunist) — massive per-event economics but low frequency; rare-event qualification active,UNKNOWN,UNKNOWN,POSITIVE,PROTECTED,UNKNOWN,UNKNOWN,UNKNOWN,ACTIVE_PROTECTED,RESEARCH_TIMELINE.md,,AUTHORITATIVE,Canonical: CAND-035:CANONICAL:ddc5d0e9; flawless counterfactual validation
CAND-036,Structural PDH Pre-Market Acceptance,V12,2026-08-26,ALPHA_EVENT,ALPHA_EVENT,Structural,Structural PDH pre-market acceptance,USATECHIDXUSD,M1,BULLISH,Structural PDH pre-market acceptance,UNKNOWN,Gap-up counterfactual,UNKNOWN,UNKNOWN,-16.15,UNKNOWN,UNKNOWN,+13.95,UNKNOWN,UNKNOWN,UNKNOWN,UNKNOWN,UNKNOWN,UNKNOWN,CLOSED,INSUFFICIENT,Negative expectancy contradicted by unverified gap-up CF,UNKNOWN,NEGATIVE,NOT_ADMISSIBLE,UNKNOWN,UNKNOWN,UNKNOWN,RESEARCH_TIMELINE.md,,RECONCILED,CF superior
CAND-037,Cross-Index Tech Leadership Divergence,V12,2026-08-26,ALPHA_EVENT,ALPHA_EVENT,Cross-Market,Cross-index tech leadership divergence,USATECHIDXUSD/USA500,M1,UNKNOWN,Cross-index tech leadership divergence,UNKNOWN,UNKNOWN,UNKNOWN,UNKNOWN,UNKNOWN,UNKNOWN,UNKNOWN,UNKNOWN,UNKNOWN,UNKNOWN,UNKNOWN,UNKNOWN,UNKNOWN,UNKNOWN,UNKNOWN,CLOSED,BLOCKED,Missing USA500 data,UNKNOWN,UNKNOWN,UNKNOWN,NOT_ADMISSIBLE,UNKNOWN,UNKNOWN,UNKNOWN,UNKNOWN,RESEARCH_TIMELINE.md,,RECONCILED,Data availability blocker
CAND-038,Mid-Day Counter-Trend Reload,V13,2026-08-26,ALPHA_EVENT,ALPHA_EVENT,Event Sequence,Mid-day counter-trend reload,UNKNOWN,M1,UNKNOWN,Mid-day counter-trend reload,UNKNOWN,UNKNOWN,UNKNOWN,UNKNOWN,+4.69,-18.88,UNKNOWN,UNKNOWN,UNKNOWN,UNKNOWN,UNKNOWN,UNKNOWN,UNKNOWN,UNKNOWN,CLOSED,INSUFFICIENT,Outlier-dependent positive mean; structurally negative median,UNKNOWN,NEGATIVE,NOT_ADMISSIBLE,UNKNOWN,UNKNOWN,UNKNOWN,RESEARCH_TIMELINE.md,,RECONCILED,Single outlier drives positive mean
CAND-039,Structural Gap-Fill Rejection,V13,2026-08-26,ALPHA_EVENT,ALPHA_EVENT,Structural,Structural gap-fill rejection,UNKNOWN,M1,UNKNOWN,Structural gap-fill rejection,UNKNOWN,UNKNOWN,0,UNKNOWN,UNKNOWN,UNKNOWN,UNKNOWN,UNKNOWN,UNKNOWN,UNKNOWN,UNKNOWN,UNKNOWN,UNKNOWN,UNKNOWN,CLOSED,INSUFFICIENT,0 events due to over-constrained parameters,UNKNOWN,UNKNOWN,UNKNOWN,NOT_ADMISSIBLE,UNKNOWN,UNKNOWN,UNKNOWN,UNKNOWN,RESEARCH_TIMELINE.md,,RECONCILED,Zero frequency
CAND-040,Volatility Compression Expansion,V13,2026-08-26,ALPHA_EVENT,ALPHA_EVENT,Volatility,Volatility compression expansion,UNKNOWN,M1,UNKNOWN,Volatility compression expansion,UNKNOWN,Generic expansion without compression filter,UNKNOWN,UNKNOWN,-18.99,UNKNOWN,UNKNOWN,+92.21,UNKNOWN,UNKNOWN,UNKNOWN,UNKNOWN,UNKNOWN,UNKNOWN,CLOSED,INSUFFICIENT,Negative expectancy contradicts compression hypothesis; CF much superior,UNKNOWN,NEGATIVE,NOT_ADMISSIBLE,UNKNOWN,UNKNOWN,UNKNOWN,RESEARCH_TIMELINE.md,,RECONCILED,CF +92.21 dramatically superior
CAND-041,Post-OPEX Unpinning Drift,V14,2026-08-26,ALPHA_EVENT,ALPHA_EVENT,Event Sequence,Post-OPEX unpinning drift,UNKNOWN,M1,UNKNOWN,Post-OPEX unpinning drift,UNKNOWN,Generic Mondays without OPEX filter,UNKNOWN,UNKNOWN,+35,-10,UNKNOWN,UNKNOWN,UNKNOWN,UNKNOWN,UNKNOWN,UNKNOWN,UNKNOWN,UNKNOWN,UNKNOWN,CLOSED,INSUFFICIENT,Extreme outlier dependence (+35 mean / -10 median),UNKNOWN,NEGATIVE,NOT_ADMISSIBLE,UNKNOWN,UNKNOWN,UNKNOWN,RESEARCH_TIMELINE.md,,RECONCILED,Single outlier drives result
CAND-042,Correlated Liquidity-Shock Reversion,V14,2026-08-26,ALPHA_EVENT,COMPONENT_CANDIDATE,Market Microstructure,Correlated liquidity-shock reversion,UNKNOWN,M1,DIRECTIONAL,Correlated liquidity-shock reversion,UNKNOWN,UNKNOWN,5,UNKNOWN,+63,+228,UNKNOWN,UNKNOWN,UNKNOWN,UNKNOWN,UNKNOWN,UNKNOWN,UNKNOWN,UNKNOWN,UNKNOWN,COMPONENT_CANDIDATE,N=5 too small for G2 holdout; massive per-event economics earn Component-Candidate status,UNKNOWN,UNKNOWN,POSITIVE,CONDITIONALLY_ADMISSIBLE,UNKNOWN,UNKNOWN,UNKNOWN,UNKNOWN,RESEARCH_TIMELINE.md,,RECONCILED,Event Opportunist; not scientifically qualified
CAND-043,European-Close Liquidity Vacuum,V14,2026-08-26,ALPHA_EVENT,ALPHA_EVENT,Market Microstructure,European-close liquidity vacuum,UNKNOWN,M1,UNKNOWN,European-close liquidity vacuum,UNKNOWN,UNKNOWN,UNKNOWN,UNKNOWN,-3.80,UNKNOWN,UNKNOWN,UNKNOWN,UNKNOWN,UNKNOWN,UNKNOWN,UNKNOWN,UNKNOWN,UNKNOWN,CLOSED,INSUFFICIENT,Contradicted mechanism: vacuum after dominant trend worse than flat morning,UNKNOWN,NEGATIVE,NOT_ADMISSIBLE,UNKNOWN,UNKNOWN,UNKNOWN,RESEARCH_TIMELINE.md,,RECONCILED,Directly contradicts hypothesis
CAND-044,Initial Balance Trap Liquidation,V15,2026-08-26,ALPHA_EVENT,ALPHA_EVENT,Event Sequence,Initial balance trap liquidation,UNKNOWN,M1,UNKNOWN,Initial balance trap liquidation,UNKNOWN,Generic trend break without IB context,UNKNOWN,UNKNOWN,-40.20,UNKNOWN,UNKNOWN,-7.68,UNKNOWN,UNKNOWN,UNKNOWN,UNKNOWN,UNKNOWN,UNKNOWN,CLOSED,INSUFFICIENT,Negative expectancy; CF superior,UNKNOWN,NEGATIVE,NOT_ADMISSIBLE,UNKNOWN,UNKNOWN,UNKNOWN,DISC-058,,RECONCILED,CF superior
CAND-045,Safe-Haven Confirmed Risk-Off,V15,2026-08-26,ALPHA_EVENT,ALPHA_EVENT,Cross-Market,Safe-haven confirmed risk-off,UNKNOWN,M1,UNKNOWN,Safe-haven confirmed risk-off,UNKNOWN,Unconfirmed equity crash,UNKNOWN,UNKNOWN,UNKNOWN,UNKNOWN,UNKNOWN,UNKNOWN,UNKNOWN,UNKNOWN,UNKNOWN,UNKNOWN,UNKNOWN,UNKNOWN,CLOSED,INSUFFICIENT,CF (unconfirmed crashes) more profitable than treatment; contradicts mechanism,UNKNOWN,NEGATIVE,NOT_ADMISSIBLE,UNKNOWN,UNKNOWN,UNKNOWN,DISC-058,,RECONCILED,CF superior contradicts mechanism
CAND-046,Opening Print Capitulation Pivot,V15,2026-08-26,ALPHA_EVENT,ALPHA_EVENT,Event Sequence,Opening print capitulation pivot,UNKNOWN,M1,UNKNOWN,Opening print capitulation pivot,UNKNOWN,Generic chop crosses without capitulation filter,UNKNOWN,UNKNOWN,UNKNOWN,UNKNOWN,UNKNOWN,UNKNOWN,UNKNOWN,UNKNOWN,UNKNOWN,UNKNOWN,UNKNOWN,UNKNOWN,CLOSED,INSUFFICIENT,Negative expectancy; CF (chop) positive,UNKNOWN,NEGATIVE,NOT_ADMISSIBLE,UNKNOWN,UNKNOWN,UNKNOWN,DISC-058,,RECONCILED,CF superior
CAND-047,Fixing-Window Liquidity Transfer,V16,2026-08-27,ALPHA_EVENT,ALPHA_EVENT,Market Microstructure,Fixing-window liquidity transfer,UNKNOWN,M1,UNKNOWN,Fixing-window liquidity transfer,UNKNOWN,Unconstrained chop,UNKNOWN,UNKNOWN,-43.62,UNKNOWN,UNKNOWN,-7.04,UNKNOWN,UNKNOWN,UNKNOWN,UNKNOWN,UNKNOWN,UNKNOWN,CLOSED,INSUFFICIENT,Negative expectancy; CF superior (-7.04 vs -43.62),UNKNOWN,NEGATIVE,NOT_ADMISSIBLE,UNKNOWN,UNKNOWN,UNKNOWN,RESEARCH_TIMELINE.md,,RECONCILED,CF superior
CAND-048,Sequential Macro-Release Dislocation,V16,2026-08-27,ALPHA_EVENT,ALPHA_EVENT,Event Sequence,Sequential macro-release dislocation,UNKNOWN,M1,UNKNOWN,Sequential macro-release dislocation,UNKNOWN,UNKNOWN,0,UNKNOWN,UNKNOWN,UNKNOWN,UNKNOWN,UNKNOWN,UNKNOWN,UNKNOWN,UNKNOWN,UNKNOWN,UNKNOWN,UNKNOWN,CLOSED,INSUFFICIENT,0 events — over-constrained definition,UNKNOWN,UNKNOWN,UNKNOWN,NOT_ADMISSIBLE,UNKNOWN,UNKNOWN,UNKNOWN,RESEARCH_TIMELINE.md,,RECONCILED,Zero frequency
CAND-049,Cross-Market Lead-Lag Asymmetry,V16,2026-08-27,ALPHA_EVENT,ALPHA_EVENT,Cross-Market,Cross-market lead-lag asymmetry,UNKNOWN,M1,UNKNOWN,Cross-market lead-lag asymmetry,UNKNOWN,UNKNOWN,0,UNKNOWN,UNKNOWN,UNKNOWN,UNKNOWN,UNKNOWN,UNKNOWN,UNKNOWN,UNKNOWN,UNKNOWN,UNKNOWN,UNKNOWN,CLOSED,INSUFFICIENT,0 events — over-constrained definition,UNKNOWN,UNKNOWN,UNKNOWN,NOT_ADMISSIBLE,UNKNOWN,UNKNOWN,UNKNOWN,RESEARCH_TIMELINE.md,,RECONCILED,Zero frequency
CAND-050,Cash-Session PDH Liquidity Sweep,V17,2026-08-27,ALPHA_EVENT,ALPHA_EVENT,Structural,Cash-session PDH liquidity sweep,USATECHIDXUSD,M1,UNKNOWN,Cash-session PDH liquidity sweep,UNKNOWN,Generic sweep without PDH filter,UNKNOWN,UNKNOWN,+26.15,UNKNOWN,UNKNOWN,+39.86,UNKNOWN,UNKNOWN,UNKNOWN,UNKNOWN,UNKNOWN,UNKNOWN,CLOSED,INSUFFICIENT,CF superior (+39.86 vs +26.15) — mechanism degrades opportunity,UNKNOWN,NEGATIVE,NOT_ADMISSIBLE,UNKNOWN,UNKNOWN,UNKNOWN,RESEARCH_TIMELINE.md,,RECONCILED,CF superior
CAND-051,Precious Metals Ratio Dislocation,V17,2026-08-27,ALPHA_EVENT,ALPHA_EVENT,Cross-Market,Precious metals ratio dislocation,XAUUSD/XAGUSD,M1,UNKNOWN,Precious metals ratio dislocation,UNKNOWN,UNKNOWN,1,UNKNOWN,UNKNOWN,UNKNOWN,UNKNOWN,UNKNOWN,UNKNOWN,UNKNOWN,UNKNOWN,UNKNOWN,UNKNOWN,UNKNOWN,CLOSED,INSUFFICIENT,N=1 — insufficient evidence,UNKNOWN,UNKNOWN,UNKNOWN,NOT_ADMISSIBLE,UNKNOWN,UNKNOWN,UNKNOWN,RESEARCH_TIMELINE.md,,RECONCILED,N=1
CAND-052,Lunch-Window Volatility Contraction Breakout,V17,2026-08-27,ALPHA_EVENT,ALPHA_EVENT,Volatility,Lunch-window volatility contraction breakout,USATECHIDXUSD,M1,UNKNOWN,Lunch-window volatility contraction breakout,UNKNOWN,Generic breakout without lunch filter,UNKNOWN,UNKNOWN,+0.01,UNKNOWN,UNKNOWN,UNKNOWN,UNKNOWN,UNKNOWN,UNKNOWN,UNKNOWN,UNKNOWN,UNKNOWN,UNKNOWN,CLOSED,INSUFFICIENT,Completely flat economics (+0.01 bps),UNKNOWN,NEGATIVE,NOT_ADMISSIBLE,UNKNOWN,UNKNOWN,UNKNOWN,RESEARCH_TIMELINE.md,,RECONCILED,Flat economics
CAND-053,Friday Cash-Close Settlement Reversion,V18,2026-08-27,ALPHA_EVENT,ALPHA_EVENT,Settlement,Friday cash-close settlement reversion,USATECHIDXUSD,M1,UNKNOWN,Friday cash-close settlement reversion,UNKNOWN,UNKNOWN,3,UNKNOWN,UNKNOWN,UNKNOWN,UNKNOWN,UNKNOWN,UNKNOWN,UNKNOWN,UNKNOWN,UNKNOWN,UNKNOWN,UNKNOWN,CLOSED,INSUFFICIENT,Evidence-limited N=3 with negative absolute economics,UNKNOWN,NEGATIVE,NOT_ADMISSIBLE,UNKNOWN,UNKNOWN,UNKNOWN,RESEARCH_TIMELINE.md,,RECONCILED,N=3
CAND-054,Post-Shock Volatility Absorption,V18,2026-08-27,ALPHA_EVENT,ALPHA_EVENT,Volatility,Post-shock volatility absorption,UNKNOWN,M1,UNKNOWN,Post-shock volatility absorption,UNKNOWN,UNKNOWN,0,UNKNOWN,UNKNOWN,UNKNOWN,UNKNOWN,UNKNOWN,UNKNOWN,UNKNOWN,UNKNOWN,UNKNOWN,UNKNOWN,UNKNOWN,CLOSED,INSUFFICIENT,0 events,UNKNOWN,UNKNOWN,UNKNOWN,NOT_ADMISSIBLE,UNKNOWN,UNKNOWN,UNKNOWN,RESEARCH_TIMELINE.md,,RECONCILED,Zero frequency
CAND-055,Initial Balance False Breakout,V18,2026-08-27,ALPHA_EVENT,ALPHA_EVENT,Structural,Initial balance false breakout,USATECHIDXUSD,M1,UNKNOWN,Initial balance false breakout,UNKNOWN,Generic breakout without IB context,UNKNOWN,UNKNOWN,+17.93,UNKNOWN,UNKNOWN,+23.65,UNKNOWN,UNKNOWN,UNKNOWN,UNKNOWN,UNKNOWN,UNKNOWN,CLOSED,INSUFFICIENT,CF superior (+23.65 vs +17.93) — Type 1 failure,UNKNOWN,NEGATIVE,NOT_ADMISSIBLE,UNKNOWN,UNKNOWN,UNKNOWN,RESEARCH_TIMELINE.md,,RECONCILED,CF superior — Type 1 failure
CAND-056,Post-Sweep Structural Shift Confirmation,V19,2026-08-27,ALPHA_EVENT,ALPHA_EVENT,Structural failure,Post-sweep structural shift confirmation,USATECHIDXUSD,M1,UNKNOWN,Post-sweep structural shift confirmation,UNKNOWN,Generic sweep without structural shift confirmation,UNKNOWN,UNKNOWN,UNKNOWN,UNKNOWN,UNKNOWN,UNKNOWN,UNKNOWN,UNKNOWN,UNKNOWN,UNKNOWN,UNKNOWN,UNKNOWN,CLOSED,TYPE1_COUNTERFACTUAL_FAILURE — demanding structural shift actively degraded the sweep mechanism,UNKNOWN,CLOSED,UNKNOWN,UNKNOWN,NOT_ADMISSIBLE,UNKNOWN,UNKNOWN,UNKNOWN,TRADEABLE_EDGE_DISCOVERY_SCREENING_V25.md,,RECONCILED,Confirmation actively reduced value
CAND-057,Weekly Opening Gap Fade Exhaustion,V19,2026-08-27,ALPHA_EVENT,ALPHA_EVENT,Event Sequence,Weekly opening gap fade exhaustion,USATECHIDXUSD,M1,UNKNOWN,Weekly opening gap fade exhaustion,UNKNOWN,UNKNOWN,0,UNKNOWN,UNKNOWN,UNKNOWN,UNKNOWN,UNKNOWN,UNKNOWN,UNKNOWN,UNKNOWN,UNKNOWN,UNKNOWN,UNKNOWN,CLOSED,INSUFFICIENT,0 frequency due to strict anchor requirement,UNKNOWN,UNKNOWN,UNKNOWN,NOT_ADMISSIBLE,UNKNOWN,UNKNOWN,UNKNOWN,TRADEABLE_EDGE_DISCOVERY_SCREENING_V25.md,,RECONCILED,Zero frequency
CAND-058,Large-Range Expansion First Pullback Trap,V19,2026-08-27,ALPHA_EVENT,ALPHA_EVENT,Event Sequence,Large-range expansion first pullback trap,USATECHIDXUSD,M1,UNKNOWN,Large-range expansion first pullback trap,UNKNOWN,UNKNOWN,2,UNKNOWN,UNKNOWN,UNKNOWN,UNKNOWN,UNKNOWN,UNKNOWN,UNKNOWN,UNKNOWN,UNKNOWN,UNKNOWN,UNKNOWN,CLOSED,INSUFFICIENT,N=2 evidence-limited,UNKNOWN,UNKNOWN,UNKNOWN,NOT_ADMISSIBLE,UNKNOWN,UNKNOWN,UNKNOWN,TRADEABLE_EDGE_DISCOVERY_SCREENING_V25.md,,RECONCILED,N=2
CAND-059,Fresh Structural Break First Retest,V20,2026-08-27,ALPHA_EVENT,STATE_ARTIFACT,Structural failure,Fresh structural break first retest,USATECHIDXUSD,M1,DIRECTIONAL,Fresh structural break first retest,SMC freshness state,Second retest of same level,UNKNOWN,UNKNOWN,UNKNOWN,UNKNOWN,UNKNOWN,UNKNOWN,UNKNOWN,UNKNOWN,UNKNOWN,UNKNOWN,UNKNOWN,UNKNOWN,STATE_REVIEW_ELIGIBLE,STATE-ARTIFACT — treatment massively superior to CF (second retest),UNKNOWN,UNKNOWN,NEGATIVE,ADMISSIBLE,UNKNOWN,UNKNOWN,UNKNOWN,UNKNOWN,TRADEABLE_EDGE_DISCOVERY_SCREENING_V25.md,,RECONCILED,First State Artifact; absolute negative but conditional positive
CAND-060,NY Equity Close Imbalance Expansion,V20,2026-08-27,ALPHA_EVENT,ALPHA_EVENT,Market Microstructure,NY equity close imbalance expansion,UNKNOWN,M1,UNKNOWN,NY equity close imbalance expansion,UNKNOWN,UNKNOWN,5,UNKNOWN,UNKNOWN,UNKNOWN,UNKNOWN,UNKNOWN,UNKNOWN,UNKNOWN,UNKNOWN,UNKNOWN,UNKNOWN,UNKNOWN,CLOSED,INSUFFICIENT,N=5; negative expectancy,UNKNOWN,NEGATIVE,NOT_ADMISSIBLE,UNKNOWN,UNKNOWN,UNKNOWN,TRADEABLE_EDGE_DISCOVERY_SCREENING_V25.md,,RECONCILED,N=5
CAND-061,Consecutive 15-Minute Rejection Sequence,V20,2026-08-27,ALPHA_EVENT,ALPHA_EVENT,Rejection,Consecutive 15-minute rejection sequence,UNKNOWN,M1,UNKNOWN,Consecutive 15-minute rejection sequence,UNKNOWN,UNKNOWN,2,UNKNOWN,UNKNOWN,UNKNOWN,UNKNOWN,UNKNOWN,UNKNOWN,UNKNOWN,UNKNOWN,UNKNOWN,UNKNOWN,UNKNOWN,CLOSED,INSUFFICIENT,N=2; negative expectancy,UNKNOWN,NEGATIVE,NOT_ADMISSIBLE,UNKNOWN,UNKNOWN,UNKNOWN,TRADEABLE_EDGE_DISCOVERY_SCREENING_V25.md,,RECONCILED,N=2
CAND-062,Late-Session Trend Exhaustion Fade,V21,2026-08-27,ALPHA_EVENT,ALPHA_EVENT,Trend Exhaustion,Late-session trend exhaustion fade,USATECHIDXUSD,M1,BEARISH,Late-session trend exhaustion fade,UNKNOWN,Generic fade without session filter,UNKNOWN,UNKNOWN,UNKNOWN,UNKNOWN,UNKNOWN,UNKNOWN,UNKNOWN,UNKNOWN,UNKNOWN,UNKNOWN,UNKNOWN,UNKNOWN,CLOSED,INSUFFICIENT,Failed absolute expectancy and CF tests,UNKNOWN,NEGATIVE,NOT_ADMISSIBLE,UNKNOWN,UNKNOWN,UNKNOWN,TRADEABLE_EDGE_DISCOVERY_SCREENING_V25.md,,RECONCILED,Negative expectancy
CAND-063,Asian Session Volatility Compression,V21,2026-08-27,STATE_CONDITION,STATE_CONDITION,Volatility,Asian session volatility compression state,UNKNOWN,M1,UNKNOWN,Asian session volatility compression,Vol compression state,UNKNOWN,2,UNKNOWN,UNKNOWN,UNKNOWN,UNKNOWN,UNKNOWN,UNKNOWN,UNKNOWN,UNKNOWN,UNKNOWN,UNKNOWN,UNKNOWN,CLOSED,INSUFFICIENT,Non-adjudicable N=2 for target event combo,UNKNOWN,UNKNOWN,UNKNOWN,NOT_ADMISSIBLE,UNKNOWN,UNKNOWN,UNKNOWN,TRADEABLE_EDGE_DISCOVERY_SCREENING_V25.md,,RECONCILED,N=2
CAND-064,Structural Acceptance Time-State,V21,2026-08-27,STATE_CONDITION,STATE_CONDITION,Structural,Structural acceptance time-state,USATECHIDXUSD,M1,UNKNOWN,Structural acceptance time-state,Acceptance vs sweep state,Sweep without acceptance filter,2302,UNKNOWN,UNKNOWN,UNKNOWN,1564,UNKNOWN,UNKNOWN,UNKNOWN,UNKNOWN,UNKNOWN,UNKNOWN,UNKNOWN,CLOSED,HYPOTHESIS_FALSIFIED — sweep dramatically safer to retest than acceptance; inverse observation quarantined,CONTRADICTED,CLOSED,UNKNOWN,UNKNOWN,NOT_ADMISSIBLE,UNKNOWN,UNKNOWN,UNKNOWN,TRADEABLE_EDGE_DISCOVERY_SCREENING_V25.md,,RECONCILED,Falsification; inverse observation preserved as exploratory
CAND-065,Structural Sweep Depth Rejection State,V22,2026-08-27,STATE_CONDITION,STATE_OBSERVATION,Structural,Structural sweep depth rejection state,USATECHIDXUSD,M1,SYMMETRIC,Structural sweep depth state,Deep vs shallow sweep state,Shallow sweep (generic),27,UNKNOWN,UNKNOWN,UNKNOWN,UNKNOWN,UNKNOWN,UNKNOWN,UNKNOWN,UNKNOWN,UNKNOWN,UNKNOWN,UNKNOWN,STATE_OBSERVATION,Deep +10.81 vs Shallow -0.65 bps — extreme evidence limitation N=27,UNKNOWN,UNKNOWN,UNKNOWN,CONDITIONALLY_ADMISSIBLE,UNKNOWN,UNKNOWN,UNKNOWN,UNKNOWN,TRADEABLE_EDGE_DISCOVERY_SCREENING_V25.md,,RECONCILED,State Observation with extreme evidence limitation
CAND-066,Fresh Sweep vs Mitigated Sweep,V22,2026-08-27,ALPHA_EVENT,ALPHA_EVENT,Structural,Fresh sweep vs mitigated sweep,USATECHIDXUSD,M1,UNKNOWN,Fresh vs mitigated sweep,UNKNOWN,Generic sweep without freshness filter,UNKNOWN,UNKNOWN,UNKNOWN,UNKNOWN,UNKNOWN,UNKNOWN,UNKNOWN,UNKNOWN,UNKNOWN,UNKNOWN,UNKNOWN,UNKNOWN,CLOSED,INVERSE_FINDING — fresh better for retests; mitigated better for fades,UNKNOWN,CLOSED,UNKNOWN,UNKNOWN,NOT_ADMISSIBLE,UNKNOWN,UNKNOWN,UNKNOWN,TRADEABLE_EDGE_DISCOVERY_SCREENING_V25.md,,RECONCILED,Inverse finding — not a rescue
CAND-067,Cross-Session Reference Sweep State,V22,2026-08-27,STATE_CONDITION,STATE_CONDITION,Structural,Cross-session reference sweep state,UNKNOWN,M1,UNKNOWN,Cross-session reference sweep state,Cross-session sweep state,UNKNOWN,0,UNKNOWN,UNKNOWN,UNKNOWN,UNKNOWN,UNKNOWN,UNKNOWN,UNKNOWN,UNKNOWN,UNKNOWN,UNKNOWN,UNKNOWN,CLOSED,INSUFFICIENT,0 events,UNKNOWN,UNKNOWN,UNKNOWN,NOT_ADMISSIBLE,UNKNOWN,UNKNOWN,UNKNOWN,TRADEABLE_EDGE_DISCOVERY_SCREENING_V25.md,,RECONCILED,Zero frequency
CAND-068,Post-Shock Absorption Reversal,V23,2026-08-27,ALPHA_EVENT,ALPHA_EVENT,Market Microstructure,Post-shock absorption reversal,UNKNOWN,M1,UNKNOWN,Post-shock absorption reversal,UNKNOWN,UNKNOWN,7,UNKNOWN,UNKNOWN,UNKNOWN,UNKNOWN,UNKNOWN,UNKNOWN,UNKNOWN,UNKNOWN,UNKNOWN,UNKNOWN,UNKNOWN,CLOSED,INSUFFICIENT,N=7 evidence-limited,UNKNOWN,NEGATIVE,NOT_ADMISSIBLE,UNKNOWN,UNKNOWN,UNKNOWN,TRADEABLE_EDGE_DISCOVERY_SCREENING_V25.md,,RECONCILED,N=7
CAND-069,NY Mid-Session Reversal Anchor,V23,2026-08-27,ALPHA_EVENT,STATE_OBSERVATION,Session Timing,NY mid-session reversal anchor,USATECHIDXUSD,M1,CONDITIONAL,NY mid-session reversal anchor,Session timing state,Morning anchor (generic),UNKNOWN,UNKNOWN,+0.75,UNKNOWN,UNKNOWN,UNKNOWN,UNKNOWN,UNKNOWN,UNKNOWN,UNKNOWN,UNKNOWN,UNKNOWN,STATE_OBSERVATION,STATE OBSERVATION — virtually flat net expectancy (+0.75 bps),UNKNOWN,UNKNOWN,UNKNOWN,CONDITIONALLY_ADMISSIBLE,UNKNOWN,UNKNOWN,UNKNOWN,UNKNOWN,TRADEABLE_EDGE_DISCOVERY_SCREENING_V25.md,,RECONCILED,Flat economics but slightly outperforms morning
CAND-070,Sustained Momentum Micro-Structure Failure,V23,2026-08-27,ALPHA_EVENT,ALPHA_EVENT,Momentum,Sustained momentum micro-structure failure,UNKNOWN,M1,UNKNOWN,Sustained momentum micro-structure failure,UNKNOWN,Fading first break in overheated trend vs fading chop,UNKNOWN,UNKNOWN,UNKNOWN,UNKNOWN,UNKNOWN,UNKNOWN,UNKNOWN,UNKNOWN,UNKNOWN,UNKNOWN,UNKNOWN,UNKNOWN,CLOSED,HYPOTHESIS_FALSIFIED — trend resumes not reverses; fade performs worse than chop,CONTRADICTED,CLOSED,UNKNOWN,UNKNOWN,NOT_ADMISSIBLE,UNKNOWN,UNKNOWN,UNKNOWN,TRADEABLE_EDGE_DISCOVERY_SCREENING_V25.md,,RECONCILED,Hypothesis contradicted
CAND-071,Cross-Market Gold-to-Tech Information Transmission,V24,2026-08-29,ALPHA_EVENT,ALPHA_EVENT,Cross-Market,Cross-market Gold-to-Tech information transmission,XAUUSD/USATECHIDXUSD,M1,CONDITIONAL,Cross-market Gold-to-Tech information transmission,UNKNOWN,Gold direction without Tech filter,UNKNOWN,UNKNOWN,-1.99,UNKNOWN,UNKNOWN,UNKNOWN,UNKNOWN,UNKNOWN,UNKNOWN,UNKNOWN,UNKNOWN,UNKNOWN,CLOSED,ECONOMICALLY_NEGATIVE,Negative absolute economics; conditional info present,UNKNOWN,NEGATIVE,NOT_ADMISSIBLE,UNKNOWN,UNKNOWN,UNKNOWN,TRADEABLE_EDGE_DISCOVERY_SCREENING_V25.md,,RECONCILED,Informationally interesting but economically negative
CAND-072,Friday Range Compression Monday Breakout,V24,2026-08-29,ALPHA_EVENT,ALPHA_EVENT,Range Dynamics,Friday range compression Monday breakout,USATECHIDXUSD,M1,UNKNOWN,Friday range compression Monday breakout,UNKNOWN,Monday without Friday compression filter,UNKNOWN,UNKNOWN,-5.15,UNKNOWN,UNKNOWN,UNKNOWN,UNKNOWN,UNKNOWN,UNKNOWN,UNKNOWN,UNKNOWN,UNKNOWN,CLOSED,ECONOMICALLY_NEGATIVE,Negative absolute economics,UNKNOWN,NEGATIVE,NOT_ADMISSIBLE,UNKNOWN,UNKNOWN,UNKNOWN,TRADEABLE_EDGE_DISCOVERY_SCREENING_V25.md,,RECONCILED,Economically negative
CAND-073,Mid-Day Reversal Continuation,V24,2026-08-29,ALPHA_EVENT,ALPHA_EVENT,Event Sequence,Mid-day reversal continuation,USATECHIDXUSD,M1,UNKNOWN,Mid-day reversal continuation,UNKNOWN,Generic mid-day without reversal filter,UNKNOWN,UNKNOWN,-1.98,UNKNOWN,UNKNOWN,UNKNOWN,UNKNOWN,UNKNOWN,UNKNOWN,UNKNOWN,UNKNOWN,UNKNOWN,CLOSED,ECONOMICALLY_NEGATIVE,Negative absolute economics,UNKNOWN,NEGATIVE,NOT_ADMISSIBLE,UNKNOWN,UNKNOWN,UNKNOWN,TRADEABLE_EDGE_DISCOVERY_SCREENING_V25.md,,RECONCILED,Economically negative
CAND-074,London Gold Fix Settlement,V25,2026-08-29,ALPHA_EVENT,ALPHA_EVENT,Settlement,London Gold Fix settlement window,XAUUSD,M1,UNKNOWN,London Gold Fix settlement window,UNKNOWN,Generic price action without settlement filter,UNKNOWN,UNKNOWN,-1.72,UNKNOWN,UNKNOWN,UNKNOWN,UNKNOWN,UNKNOWN,UNKNOWN,UNKNOWN,UNKNOWN,UNKNOWN,CLOSED,ECONOMICALLY_NEGATIVE,Fix window adds no directional value,UNKNOWN,NEGATIVE,NOT_ADMISSIBLE,UNKNOWN,UNKNOWN,UNKNOWN,TRADEABLE_EDGE_DISCOVERY_SCREENING_V25.md,,RECONCILED,Settlement mechanism failed
CAND-075,US Equity Closing Auction,V25,2026-08-29,ALPHA_EVENT,ALPHA_EVENT,Settlement,US equity closing auction,USATECHIDXUSD,M1,UNKNOWN,US equity closing auction,UNKNOWN,Generic price action without closing auction filter,UNKNOWN,UNKNOWN,-2.15,UNKNOWN,UNKNOWN,UNKNOWN,UNKNOWN,UNKNOWN,UNKNOWN,UNKNOWN,UNKNOWN,UNKNOWN,CLOSED,ECONOMICALLY_NEGATIVE,Closing auction adds no directional value,UNKNOWN,NEGATIVE,NOT_ADMISSIBLE,UNKNOWN,UNKNOWN,UNKNOWN,TRADEABLE_EDGE_DISCOVERY_SCREENING_V25.md,,RECONCILED,Settlement mechanism failed
CAND-076,Gold-to-Tech Overnight Transmission,V25,2026-08-29,ALPHA_EVENT,ALPHA_EVENT,Cross-Market,Gold-to-Tech overnight transmission,XAUUSD/USATECHIDXUSD,M1,CONDITIONAL,Gold-to-Tech overnight transmission,UNKNOWN,Gold direction without overnight filter,UNKNOWN,UNKNOWN,-2.14,UNKNOWN,UNKNOWN,UNKNOWN,UNKNOWN,UNKNOWN,UNKNOWN,UNKNOWN,UNKNOWN,UNKNOWN,CLOSED,CF_SUPERIOR — Gold direction signal inversely related to Tech; CF +2.20 bps superior,UNKNOWN,CLOSED,UNKNOWN,UNKNOWN,NOT_ADMISSIBLE,UNKNOWN,UNKNOWN,UNKNOWN,TRADEABLE_EDGE_DISCOVERY_SCREENING_V25.md,,RECONCILED,Extension of CAND-071; CF superior
CAND-077,Volatility Compression-to-Expansion Transition,V26,2026-08-29,ALPHA_EVENT,STATE_REVIEW_ELIGIBLE,Volatility/Regime,Volatility compression-to-expansion transition,USATECHIDXUSD,M1,CONDITIONAL,Volatility compression-to-expansion transition,Regime-level volatility character state,Expanded volatility without compression transition,2084,700,-0.85,-1.14,387,-2.52,-1.90,+1.67,UNKNOWN,9/9 PASS,VALID/STRONG,INFORMATIONALLY_INTERESTING,NOT_TESTED,STATE_REVIEW_ELIGIBLE,STATE REVIEW ELIGIBLE — largest conditional delta in RF history at discovery; no threshold ratified,UNKNOWN,UNKNOWN,NEGATIVE,ADMISSIBLE,UNKNOWN,UNKNOWN,UNKNOWN,TRADEABLE_EDGE_DISCOVERY_SCREENING_V26.md,,AUTHORITATIVE,Exploratory >15 bps observation exists (EXPLORATORY ONLY)
CAND-078,Trend Exhaustion Transition,V26,2026-08-30,ALPHA_EVENT,ALPHA_EVENT,Trend Exhaustion,Trend exhaustion transition,USATECHIDXUSD,M1,UNKNOWN,Trend exhaustion transition,UNKNOWN,Generic continuation without exhaustion filter,2946,UNKNOWN,-2.21,UNKNOWN,UNKNOWN,UNKNOWN,UNKNOWN,-0.25,UNKNOWN,9/9 PASS,VALID,COUNTERFACTUAL_INFERIORITY — CF superior by 0.25 bps,NOT_TESTED,CLOSED,COUNTERFACTUAL INFERIORITY — CF outperforms treatment,UNKNOWN,NEGATIVE,NOT_ADMISSIBLE,UNKNOWN,UNKNOWN,UNKNOWN,TRADEABLE_EDGE_DISCOVERY_SCREENING_V26.md,,AUTHORITATIVE,CF superior
CAND-079,Cross-Market Gold Volatility Regime Transition to Tech Direction,V26,2026-08-30,ALPHA_EVENT,STATE_OBSERVATION,Cross-Market,Cross-market Gold vol regime transition to Tech direction,XAUUSD/USATECHIDXUSD,M1,CONDITIONAL,Gold vol regime transition → Tech direction,Gold vol state → Tech direction,Gold vol without transition filter,35920,13781,-1.79,-1.98,UNKNOWN,UNKNOWN,UNKNOWN,+0.78,UNKNOWN,9/9 PASS,VALID,TREATMENT_SUPERIOR — weak conditional delta,NOT_TESTED,STATE_OBSERVATION,STATE OBSERVATION — weak +0.78 bps delta,UNKNOWN,UNKNOWN,NEGATIVE,CONDITIONALLY_ADMISSIBLE,UNKNOWN,UNKNOWN,UNKNOWN,TRADEABLE_EDGE_DISCOVERY_SCREENING_V26.md,,AUTHORITATIVE,Weak conditional information
CAND-080,Volatility Regime Quality Transition,V27,2026-08-30,ALPHA_EVENT,ALPHA_EVENT,Volatility/Regime,Volatility regime quality transition (smooth→choppy),USATECHIDXUSD,M1,CONDITIONAL,Volatility regime quality transition,UNKNOWN,Already-choppy condition (CF),3893,UNKNOWN,-1.75,UNKNOWN,UNKNOWN,UNKNOWN,UNKNOWN,UNKNOWN,UNKNOWN,9/9 PASS,INVALID,INSUFFICIENT — CF failed (zero events for already-choppy condition),NOT_TESTED,CLOSED,COUNTERFACTUAL INVALID — zero events for CF population,UNKNOWN,NEGATIVE,NOT_ADMISSIBLE,UNKNOWN,UNKNOWN,UNKNOWN,TRADEABLE_EDGE_DISCOVERY_SCREENING_V27.md,,AUTHORITATIVE,CF zero events
CAND-081,Structural Level Failure Trap,V27,2026-08-30,ALPHA_EVENT,STATE_REVIEW_ELIGIBLE,Structural failure,Structural level failure trap,USATECHIDXUSD,M1,CONDITIONAL,Structural level failure trap,Post-failure trapped participant state,Successful breakout (no trap),3887,UNKNOWN,-0.78,UNKNOWN,3364,-2.01,UNKNOWN,+1.23,+2.33,9/9 PASS,VALID/STRONG,INFORMATIONALLY_INTERESTING — second-strongest conditional delta in RF history,NOT_TESTED,STATE_REVIEW_ELIGIBLE,STATE REVIEW ELIGIBLE — post-failure trapped participant state; absolute negative,UNKNOWN,UNKNOWN,NEGATIVE,ADMISSIBLE,UNKNOWN,UNKNOWN,UNKNOWN,TRADEABLE_EDGE_DISCOVERY_SCREENING_V27.md,,AUTHORITATIVE,Strong conditional separation
CAND-082,Post-Expansion Retracement Quality State,V27,2026-08-30,STATE_CONDITION,ALPHA_EVENT,Volatility/Regime,Post-expansion retracement quality state,USATECHIDXUSD,M1,CONDITIONAL,Post-expansion retracement quality,Quality retracement state,Poor retracement (generic),97,UNKNOWN,-0.33,UNKNOWN,UNKNOWN,UNKNOWN,UNKNOWN,+0.96,-1.63,9/9 PASS,VALID,TREATMENT_SUPERIOR (mean) / COUNTERFACTUAL_SUPERIOR (median) — MIXED outlier-dependent,NOT_TESTED,CLOSED,STATE HYPOTHESIS CONTRADICTED — quality retracements worse on median,UNKNOWN,NEGATIVE,NOT_ADMISSIBLE,UNKNOWN,UNKNOWN,UNKNOWN,TRADEABLE_EDGE_DISCOVERY_SCREENING_V27.md,,AUTHORITATIVE,Median contradicts hypothesis
CAND-083,Cumulative Rejection Pressure Sweep,V28,2026-08-30,ALPHA_EVENT,STATE_REVIEW_ELIGIBLE,Rejection,Cumulative rejection pressure at structural level,USATECHIDXUSD,M1,CONDITIONAL,Repeated rejection at structural level before failure,Pre-failure accumulated rejection pressure state,Structural failure without rejection accumulation,2318,812,-2.33,-1.70,316,-6.93,UNKNOWN,+4.60,+2.16,9/9 PASS,VALID/STRONG,INFORMATIONALLY_INTERESTING — largest conditional delta in RF history,NOT_TESTED,STATE_REVIEW_ELIGIBLE,STATE REVIEW ELIGIBLE — accumulated rejection pressure; largest CF delta in RF history; no threshold ratified,UNKNOWN,UNKNOWN,NEGATIVE,ADMISSIBLE,UNKNOWN,UNKNOWN,UNKNOWN,TRADEABLE_EDGE_DISCOVERY_SCREENING_V28.md,,AUTHORITATIVE,+4.60 bps conditional delta is strongest in RF history
CAND-084,Range Compression to Expansion Asymmetry,V28,2026-08-30,ALPHA_EVENT,ALPHA_EVENT,Volatility/Regime,Intraday range compression to expansion asymmetry,USATECHIDXUSD,M1,CONDITIONAL,Range compression to expansion,UNKNOWN,Expansion without compression filter,1910,669,-1.42,-1.34,9644,-1.56,UNKNOWN,+0.14,+0.62,9/9 PASS,VALID,TREATMENT_SUPERIOR (negligible) — mechanism identical to CAND-077,NOT_TESTED,CLOSED,REDUNDANT — identical mechanism to CAND-077,UNKNOWN,NEGATIVE,NOT_ADMISSIBLE,UNKNOWN,UNKNOWN,UNKNOWN,TRADEABLE_EDGE_DISCOVERY_SCREENING_V28.md,,AUTHORITATIVE,Extension of CAND-077
CAND-085,Approach Velocity to Breakout Continuation,V28,2026-08-30,ALPHA_EVENT,ALPHA_EVENT,Path Dependence,Approach velocity determines breakout continuation,USATECHIDXUSD,M1,CONDITIONAL,Approach velocity determines breakout continuation,UNKNOWN,High-velocity approach (CF),8201,2872,-2.13,-2.83,0,UNKNOWN,UNKNOWN,UNKNOWN,UNKNOWN,8/9 PASS (CF gate FAIL),INVALID,INSUFFICIENT — CF invalid (zero low-velocity events),NOT_TESTED,CLOSED,INVALID COUNTERFACTUAL — zero events in CF population,UNKNOWN,NEGATIVE,NOT_ADMISSIBLE,UNKNOWN,UNKNOWN,UNKNOWN,TRADEABLE_EDGE_DISCOVERY_SCREENING_V28.md,,AUTHORITATIVE,CF zero events
CAND-086,Information Absorption Failure Cascade,V29,2026-08-30,ALPHA_EVENT,ALPHA_EVENT,Information Failure,Repeated failed directional moves create trapped-participant state,USATECHIDXUSD,M1,CONDITIONAL,Information absorption failure cascade,FAILED directional move count state,Successful directional move (no failure),10198,3571,-2.06,-2.13,21738,-2.12,UNKNOWN,+0.07,-0.03,9/9 PASS,VALID,NEGATIVE — negligible conditional delta,NOT_TESTED,CLOSED,ECONOMICALLY NEGATIVE — negligible separation,UNKNOWN,NEGATIVE,NOT_ADMISSIBLE,UNKNOWN,UNKNOWN,UNKNOWN,TRADEABLE_EDGE_DISCOVERY_SCREENING_V29.md,,AUTHORITATIVE,Negligible conditional information
CAND-087,Recovery Quality Differential,V29,2026-08-30,ALPHA_EVENT,ALPHA_EVENT,Recovery Quality,Post-disturbance recovery quality reveals participant constraint,USATECHIDXUSD,M1,CONDITIONAL,Recovery quality differential,Recovery quality state,Strong recovery (no trapped participants),9930,3477,-1.91,-2.03,6638,-2.14,UNKNOWN,+0.23,-0.03,9/9 PASS,VALID,INFORMATIONALLY_INTERESTING — weak delta; too weak for State classification,NOT_TESTED,CLOSED,INFORMATIONALLY INTERESTING but too weak for State preservation,UNKNOWN,NEGATIVE,NOT_ADMISSIBLE,UNKNOWN,UNKNOWN,UNKNOWN,TRADEABLE_EDGE_DISCOVERY_SCREENING_V29.md,,AUTHORITATIVE,Weak conditional information
CAND-088,Session Sequence Asymmetry,V29,2026-08-30,ALPHA_EVENT,ALPHA_EVENT,Path Dependence,Opening bias vs structural break path dependence,USATECHIDXUSD,M1,CONDITIONAL,Session sequence asymmetry,UNKNOWN,Aligned-direction structural breaks (CF),222,79,-15.51,-10.62,556,+4.07,UNKNOWN,-19.59,-11.39,9/9 PASS,VALID,HYPOTHESIS_CONTRADICTED — CF (aligned breaks) superior by +19.59 bps,CONTRADICTED,CLOSED,HYPOTHESIS CONTRADICTED — aligned breaks outperform; CF superior by +19.59 bps,UNKNOWN,NEGATIVE,NOT_ADMISSIBLE,UNKNOWN,UNKNOWN,UNKNOWN,TRADEABLE_EDGE_DISCOVERY_SCREENING_V29.md,,AUTHORITATIVE,Aligned-break observation preserved as exploratory
CAND-089,Acceptance Velocity Decay,V30,2026-08-31,STANDALONE_ALPHA,CLOSED,Information Processing Dynamics,Acceptance velocity decay at structural levels forces directional amplification,USATECHIDXUSD,M1,WITH_BREAK,Velocity decay (late range > early range) at structural level,UNKNOWN,Stable/increasing velocity (non-decaying),4152,1454,-2.20,-2.98,4269,-2.46,-2.77,+0.26,-0.22,9/9 PASS,VALID,ECONOMICALLY_NEGATIVE — NO INCREMENTAL INFORMATION,AMBIGUOUS — not contradicted but not supported,CLOSED,CLOSED — NO INCREMENTAL INFORMATION,Distributions indistinguishable,NOT_WORTHY,NOT_STANDALONE_ALPHA,NOT_ADMISSIBLE,UNKNOWN,UNKNOWN,UNKNOWN,RESEARCH_FACTORY_V2_G1_SCREEN_20260831_V30.md,,AUTHORITATIVE,Mechanism ambiguous — mean delta +0.26 bps but median -0.22 bps and WR -1.2%
CAND-090,Recovery Quality Differential,V30,2026-08-31,STANDALONE_ALPHA,CLOSED,Response Quality Dynamics,Recovery quality differential after structural event,USATECHIDXUSD,M1,WITH_RETRACEMENT,Recovery quality (speed/consistency) after structural event,UNKNOWN,Low-quality recovery,0,0,0,0,0,0,0,0,0,9/9 PASS,VALID,REDUNDANT WITH CAND-087,REDUNDANT,CLOSED,CLOSED — REDUNDANT WITH CAND-087,Same economic hypothesis as V29 CAND-087,NOT_WORTHY,NOT_STANDALONE_ALPHA,NOT_ADMISSIBLE,UNKNOWN,UNKNOWN,UNKNOWN,QUANTFORGE_V30_G0_INTEGRITY_AUDIT_V1.md,,AUTHORITATIVE,Rejected at G0 integrity audit — identical to CAND-087
CAND-091,Cumulative Directional Exhaustion,V30,2026-08-31,STATE_CONDITION,CLOSED,Directional Exhaustion Dynamics,Cumulative directional exhaustion produces counter-trend amplification,USATECHIDXUSD,M1,COUNTER_TREND,Exhaustion (cum dist > 70th pct) at structural break,UNKNOWN,Non-exhausted (cum dist <= 70th pct),3886,1361,-2.69,-3.13,4535,-2.02,-2.75,-0.67,-0.39,9/9 PASS,VALID,ECONOMICALLY_NEGATIVE — HYPOTHESIS CONTRADICTED,CONTRADICTED,CLOSED,CLOSED — HYPOTHESIS CONTRADICTED,Exhaustion worsens economics — control superior by 0.67 bps,NOT_WORTHY,NOT_STATE,NOT_ADMISSIBLE,UNKNOWN,UNKNOWN,UNKNOWN,RESEARCH_FACTORY_V2_G1_SCREEN_20260831_V30.md,,AUTHORITATIVE,Hypothesis contradicted — exhaustion adds dispersion (49.79 vs 29.78 std) without return
CAND-092,Event-Information Decay,V31,2026-08-31,STATE_CONDITION,PENDING_G1,Information Persistence Dynamics,Information decay after structural events affects downstream catalyst response,USATECHIDXUSD,M1,WITH_EVENT,Time since prior structural event determines information-remaining condition,UNKNOWN,Low-information-remaining (sufficient time since prior event),0,0,0,0,0,0,0,0,0,N/A,N/A,PENDING,PENDING,PENDING_G1,FRESH DISCOVERY — G0 COMPLETE,New mechanism — information persistence dynamics,NOT_WORTHY,NOT_STATE,NOT_ADMISSIBLE,UNKNOWN,UNKNOWN,UNKNOWN,TRADEABLE_EDGE_DISCOVERY_SCREENING_V31.md,,AUTHORITATIVE,V31 G0 — new candidate, no economic evidence yet
CAND-093,Price-Discovery Friction Gradient,V31,2026-08-31,STATE_CONDITION,PENDING_G1,Microstructure Information Dynamics,Approach smoothness to structural level reflects market consensus and affects break economics,USATECHIDXUSD,M1,WITH_BREAK,Smoothness of price approach to structural level determines friction condition,UNKNOWN,Choppy/oscillatory approach (high friction),0,0,0,0,0,0,0,0,0,N/A,N/A,PENDING,PENDING,PENDING_G1,FRESH DISCOVERY — G0 COMPLETE,New mechanism — microstructure information dynamics,NOT_WORTHY,NOT_STATE,NOT_ADMISSIBLE,UNKNOWN,UNKNOWN,UNKNOWN,TRADEABLE_EDGE_DISCOVERY_SCREENING_V31.md,,AUTHORITATIVE,V31 G0 — new candidate, no economic evidence yet
CAND-094,Path-Dependent Event Severity,V31,2026-08-31,STATE_CONDITION,PENDING_G1,Event-Path Dynamics,Path geometry to structural level reflects participant alignment and affects break economics,USATECHIDXUSD,M1,WITH_BREAK,Directness of price path to structural level determines participant alignment,UNKNOWN,Indirect/wandering path (dispersed positioning),0,0,0,0,0,0,0,0,0,N/A,N/A,PENDING,PENDING,PENDING_G1,FRESH DISCOVERY — G0 COMPLETE,New mechanism — event-path dynamics,NOT_WORTHY,NOT_STATE,NOT_ADMISSIBLE,UNKNOWN,UNKNOWN,UNKNOWN,TRADEABLE_EDGE_DISCOVERY_SCREENING_V31.md,,AUTHORITATIVE,V31 G0 — new candidate, no economic evidence yet
CAND-095,Shock-Magnitude Asymmetry,V32,2026-08-31,STATE_CONDITION,CLOSED_ECONOMICALLY_NEGATIVE,Directional Response Asymmetry,Direction of large move creates different participant dynamics and downstream economics,USATECHIDXUSD,M1,WITH_SHOCK,Shock direction determines participant response asymmetry (up vs down),OBSERVABLE,Direction of large move (>1.5x ATR),7325,5200,-1.42,-1.03,7524,-1.14,-0.45,-0.28,-0.58,9/9 PASS,VALID,ECONOMICALLY_NEGATIVE,AMBIGUOUS,CLOSED_ECONOMICALLY_NEGATIVE,CLOSED,All metrics favor control (DOWN shocks). Hypothesis direction contradicted.,NOT_WORTHY,NOT_STATE,NOT_ADMISSIBLE,UNKNOWN,UNKNOWN,UNKNOWN,RESEARCH_FACTORY_V2_G1_SCREEN_20260831_V32.md,,AUTHORITATIVE,V32 G1 - ECONOMICALLY NEGATIVE
CAND-096,Volatility Acceleration Gradient,V32,2026-08-31,STATE_CONDITION,CLOSED_HYPOTHESIS_CONTRADICTED,Volatility Dynamics,Rate of change of volatility (acceleration) creates adaptation lag and alters downstream economics,USATECHIDXUSD,M1,WITH_BREAK,Volatility acceleration (second derivative) determines participant adaptation lag,OBSERVABLE,Acceleration of rolling ATR (second difference),5622,2283,-1.23,-0.75,897,0.40,0.73,-1.62,-1.48,9/9 PASS,VALID,HYPOTHESIS_CONTRADICTED,CONTRADICTED,CLOSED_HYPOTHESIS_CONTRADICTED,CLOSED,Decelerating volatility significantly outperforms accelerating. Hypothesis direction wrong.,NOT_WORTHY,NOT_STATE,NOT_ADMISSIBLE,UNKNOWN,UNKNOWN,UNKNOWN,RESEARCH_FACTORY_V2_G1_SCREEN_20260831_V32.md,,AUTHORITATIVE,V32 G1 - HYPOTHESIS CONTRADICTED. Decel > accel. CAND-077 semantic check PASS.
CAND-097,Post-Shock Overshoot Reversion,V32,2026-08-31,STANDALONE_ALPHA,REDUNDANT_WITH_DISC021,Mean-Reversion Dynamics,Large moves overshoot and partially revert,USATECHIDXUSD,M1,COUNTER_TO_SHOCK,Reversion ratio after large move,OBSERVABLE,Overshoot and reversion after large move,0,0,0,0,0,0,0,0,0,N/A,N/A,N/A,REDUNDANT,CLOSED_REDUNDANT_WITH_DISC021,CLOSED,Identical mechanism to DISC-021 Mean Reversion. Not tested at G1.,NOT_WORTHY,NOT_STATE,NOT_ADMISSIBLE,N/A,N/A,N/A,QUANTFORGE_V32_G0_INTEGRITY_AUDIT_V1.md,a4756c7,AUTHORITATIVE,V32 G0 - REDUNDANT WITH DISC-021
